{"cameraMode":{"drawMode":0,"name":"Shaded","section":"Shading Mode"},"sceneLighting":false,"audioPlay":false,"sceneViewState":{"m_AlwaysRefresh":false,"showFog":true,"showSkybox":false,"showFlares":true,"showImageEffects":true,"showParticleSystems":true,"showVisualEffectGraphs":true,"m_FxEnabled":true},"in2DMode":false,"pivot":{"x":0.024596214294433595,"y":0.7802923917770386,"z":0.1365145444869995},"rotation":{"x":-0.24653171002864839,"y":0.3814193606376648,"z":-0.10631673038005829,"w":-0.8845747113227844},"size":2.9749763011932375,"orthographic":false}