{"cameraMode":{"drawMode":0,"name":"Shaded","section":"Shading Mode"},"sceneLighting":true,"audioPlay":false,"sceneViewState":{"m_AlwaysRefresh":false,"showFog":true,"showSkybox":true,"showFlares":true,"showImageEffects":true,"showParticleSystems":true,"showVisualEffectGraphs":true,"m_FxEnabled":true},"in2DMode":false,"pivot":{"x":270.2057189941406,"y":91.99501037597656,"z":311.4754638671875},"rotation":{"x":0.0025941189378499986,"y":0.2658607065677643,"z":0.0007137224311009049,"w":-0.9640101790428162},"size":112.97923278808594,"orthographic":false}