{"cameraMode":{"drawMode":0,"name":"Shaded","section":"Shading Mode"},"sceneLighting":true,"audioPlay":false,"sceneViewState":{"m_AlwaysRefresh":false,"showFog":true,"showSkybox":true,"showFlares":true,"showImageEffects":true,"showParticleSystems":true,"showVisualEffectGraphs":true,"m_FxEnabled":true},"in2DMode":false,"pivot":{"x":244.97274780273438,"y":392.12066650390627,"z":-204.00411987304688},"rotation":{"x":-0.0003036520502064377,"y":-0.988823413848877,"z":0.14976444840431214,"w":-0.0029342113994061949},"size":418.0585632324219,"orthographic":false}