{"cameraMode":{"drawMode":0,"name":"Shaded","section":"Shading Mode"},"sceneLighting":true,"audioPlay":false,"sceneViewState":{"m_AlwaysRefresh":false,"showFog":true,"showSkybox":true,"showFlares":true,"showImageEffects":true,"showParticleSystems":true,"showVisualEffectGraphs":true,"m_FxEnabled":true},"in2DMode":false,"pivot":{"x":168.8287353515625,"y":-29.898727416992189,"z":168.5138397216797},"rotation":{"x":0.24948325753211976,"y":0.1814609169960022,"z":-0.047826219350099567,"w":0.950127363204956},"size":102.38066101074219,"orthographic":false}