{"cameraMode":{"drawMode":0,"name":"Shaded","section":"Shading Mode"},"sceneLighting":true,"audioPlay":false,"sceneViewState":{"m_AlwaysRefresh":false,"showFog":true,"showSkybox":true,"showFlares":true,"showImageEffects":true,"showParticleSystems":true,"showVisualEffectGraphs":true,"m_FxEnabled":true},"in2DMode":false,"pivot":{"x":216.46914672851563,"y":-191.55612182617188,"z":11.127950668334961},"rotation":{"x":-0.27945414185523989,"y":-0.6573840379714966,"z":0.2878619432449341,"w":-0.6379218697547913},"size":225.32015991210938,"orthographic":false}